community,full_content,level,rank,title,rank_explanation,summary,findings,full_content_json,id
1.0,"# Upscale Dining Experience Community

This community revolves around a high-end dining experience characterized by a $200 price point and additional costs for menu upgrades. The entities are interconnected through their relationships, highlighting the upscale nature of the dining offerings and the special arrangements involved.

## High price point of dining experience

The dining experience is marked by a price point of $200, indicating it is positioned at the higher end of the dining spectrum. This pricing strategy suggests that the restaurant aims to attract a clientele that values premium dining experiences. The upscale nature of the restaurant could have implications for local economic activity, as it may draw in customers willing to spend more on dining, thereby influencing the local hospitality market. [Data: Entities (200); Relationships (1951)]

## Menu upgrade costs

An additional cost of $60 is required to upgrade from a 12-course to a 24-course tasting tour. This tiered pricing structure not only enhances the dining experience but also allows the restaurant to cater to varying customer preferences and budgets. The option for an upgrade indicates a focus on providing a luxurious experience, which could enhance customer satisfaction and loyalty, potentially leading to repeat business. [Data: Entities (60); Relationships (3133)]

## Special trip arrangements

The mention of the number 5 in relation to a special trip suggests that there may be a group or quantity involved in arranging unique dining experiences. This could indicate that the restaurant offers tailored experiences for groups, which may include private dining or special events. Such arrangements could enhance the restaurant's appeal to larger parties looking for exclusive dining options, thereby increasing its market reach. [Data: Entities (5); Relationships (3107)]

## Interconnectedness of dining offerings

The relationships between the entities highlight the interconnectedness of the dining offerings, with the price point, menu upgrades, and special trip arrangements all contributing to a cohesive upscale dining experience. This interconnectedness suggests that the restaurant is strategically designed to maximize customer engagement and satisfaction through a well-thought-out pricing and service structure. [Data: Relationships (1951, 3133, 3107)]",0,6.5,Upscale Dining Experience Community,"The impact severity rating is moderate to high due to the upscale nature of the dining experience, which may attract affluent clientele and influence local dining trends.","This community revolves around a high-end dining experience characterized by a $200 price point and additional costs for menu upgrades. The entities are interconnected through their relationships, highlighting the upscale nature of the dining offerings and the special arrangements involved.","[{'explanation': 'The dining experience is marked by a price point of $200, indicating it is positioned at the higher end of the dining spectrum. This pricing strategy suggests that the restaurant aims to attract a clientele that values premium dining experiences. The upscale nature of the restaurant could have implications for local economic activity, as it may draw in customers willing to spend more on dining, thereby influencing the local hospitality market. [Data: Entities (200); Relationships (1951)]', 'summary': 'High price point of dining experience'}
 {'explanation': 'An additional cost of $60 is required to upgrade from a 12-course to a 24-course tasting tour. This tiered pricing structure not only enhances the dining experience but also allows the restaurant to cater to varying customer preferences and budgets. The option for an upgrade indicates a focus on providing a luxurious experience, which could enhance customer satisfaction and loyalty, potentially leading to repeat business. [Data: Entities (60); Relationships (3133)]', 'summary': 'Menu upgrade costs'}
 {'explanation': ""The mention of the number 5 in relation to a special trip suggests that there may be a group or quantity involved in arranging unique dining experiences. This could indicate that the restaurant offers tailored experiences for groups, which may include private dining or special events. Such arrangements could enhance the restaurant's appeal to larger parties looking for exclusive dining options, thereby increasing its market reach. [Data: Entities (5); Relationships (3107)]"", 'summary': 'Special trip arrangements'}
 {'explanation': 'The relationships between the entities highlight the interconnectedness of the dining offerings, with the price point, menu upgrades, and special trip arrangements all contributing to a cohesive upscale dining experience. This interconnectedness suggests that the restaurant is strategically designed to maximize customer engagement and satisfaction through a well-thought-out pricing and service structure. [Data: Relationships (1951, 3133, 3107)]', 'summary': 'Interconnectedness of dining offerings'}]","{
    ""title"": ""Upscale Dining Experience Community"",
    ""summary"": ""This community revolves around a high-end dining experience characterized by a $200 price point and additional costs for menu upgrades. The entities are interconnected through their relationships, highlighting the upscale nature of the dining offerings and the special arrangements involved."",
    ""rating"": 6.5,
    ""rating_explanation"": ""The impact severity rating is moderate to high due to the upscale nature of the dining experience, which may attract affluent clientele and influence local dining trends."",
    ""findings"": [
        {
            ""summary"": ""High price point of dining experience"",
            ""explanation"": ""The dining experience is marked by a price point of $200, indicating it is positioned at the higher end of the dining spectrum. This pricing strategy suggests that the restaurant aims to attract a clientele that values premium dining experiences. The upscale nature of the restaurant could have implications for local economic activity, as it may draw in customers willing to spend more on dining, thereby influencing the local hospitality market. [Data: Entities (200); Relationships (1951)]""
        },
        {
            ""summary"": ""Menu upgrade costs"",
            ""explanation"": ""An additional cost of $60 is required to upgrade from a 12-course to a 24-course tasting tour. This tiered pricing structure not only enhances the dining experience but also allows the restaurant to cater to varying customer preferences and budgets. The option for an upgrade indicates a focus on providing a luxurious experience, which could enhance customer satisfaction and loyalty, potentially leading to repeat business. [Data: Entities (60); Relationships (3133)]""
        },
        {
            ""summary"": ""Special trip arrangements"",
            ""explanation"": ""The mention of the number 5 in relation to a special trip suggests that there may be a group or quantity involved in arranging unique dining experiences. This could indicate that the restaurant offers tailored experiences for groups, which may include private dining or special events. Such arrangements could enhance the restaurant's appeal to larger parties looking for exclusive dining options, thereby increasing its market reach. [Data: Entities (5); Relationships (3107)]""
        },
        {
            ""summary"": ""Interconnectedness of dining offerings"",
            ""explanation"": ""The relationships between the entities highlight the interconnectedness of the dining offerings, with the price point, menu upgrades, and special trip arrangements all contributing to a cohesive upscale dining experience. This interconnectedness suggests that the restaurant is strategically designed to maximize customer engagement and satisfaction through a well-thought-out pricing and service structure. [Data: Relationships (1951, 3133, 3107)]""
        }
    ]
}",f2028c7e-7c59-4bfd-a940-720cb7e340f3
7.0,"# Tasting Menu Experience in 2008

The community centers around the tasting menu experience that took place in 2008, highlighting the significance of the year in relation to the dining review. The relationship between the tasting menu and the year provides context for understanding the dining experience.

## Significance of the year 2008

The year 2008 is a pivotal entity in this community, providing context for the dining experience associated with the tasting menu. This year marks a specific time frame that can influence the perception of the dining experience, as it may reflect culinary trends, economic conditions, or cultural events relevant to that period. Understanding the context of 2008 can help in assessing the quality and relevance of the tasting menu experienced during that time. [Data: Entities (1237)]

## Connection between tasting menu and 2008

The tasting menu is directly linked to the year 2008, indicating that the dining experience was specifically reviewed in that context. This relationship emphasizes the importance of temporal factors in evaluating culinary experiences, as the tasting menu may have been influenced by the dining trends and preferences prevalent in 2008. The rank of this relationship suggests a strong connection, highlighting the relevance of the year in understanding the tasting menu's significance. [Data: Relationships (2380)]",0,2.0,Tasting Menu Experience in 2008,"The impact severity rating is low due to the limited scope of the entities involved, focusing solely on a past dining experience.","The community centers around the tasting menu experience that took place in 2008, highlighting the significance of the year in relation to the dining review. The relationship between the tasting menu and the year provides context for understanding the dining experience.","[{'explanation': 'The year 2008 is a pivotal entity in this community, providing context for the dining experience associated with the tasting menu. This year marks a specific time frame that can influence the perception of the dining experience, as it may reflect culinary trends, economic conditions, or cultural events relevant to that period. Understanding the context of 2008 can help in assessing the quality and relevance of the tasting menu experienced during that time. [Data: Entities (1237)]', 'summary': 'Significance of the year 2008'}
 {'explanation': ""The tasting menu is directly linked to the year 2008, indicating that the dining experience was specifically reviewed in that context. This relationship emphasizes the importance of temporal factors in evaluating culinary experiences, as the tasting menu may have been influenced by the dining trends and preferences prevalent in 2008. The rank of this relationship suggests a strong connection, highlighting the relevance of the year in understanding the tasting menu's significance. [Data: Relationships (2380)]"", 'summary': 'Connection between tasting menu and 2008'}]","{
    ""title"": ""Tasting Menu Experience in 2008"",
    ""summary"": ""The community centers around the tasting menu experience that took place in 2008, highlighting the significance of the year in relation to the dining review. The relationship between the tasting menu and the year provides context for understanding the dining experience."",
    ""rating"": 2.0,
    ""rating_explanation"": ""The impact severity rating is low due to the limited scope of the entities involved, focusing solely on a past dining experience."",
    ""findings"": [
        {
            ""summary"": ""Significance of the year 2008"",
            ""explanation"": ""The year 2008 is a pivotal entity in this community, providing context for the dining experience associated with the tasting menu. This year marks a specific time frame that can influence the perception of the dining experience, as it may reflect culinary trends, economic conditions, or cultural events relevant to that period. Understanding the context of 2008 can help in assessing the quality and relevance of the tasting menu experienced during that time. [Data: Entities (1237)]""
        },
        {
            ""summary"": ""Connection between tasting menu and 2008"",
            ""explanation"": ""The tasting menu is directly linked to the year 2008, indicating that the dining experience was specifically reviewed in that context. This relationship emphasizes the importance of temporal factors in evaluating culinary experiences, as the tasting menu may have been influenced by the dining trends and preferences prevalent in 2008. The rank of this relationship suggests a strong connection, highlighting the relevance of the year in understanding the tasting menu's significance. [Data: Relationships (2380)]""
        }
    ]
}",93314426-cb17-4baa-8e97-e208364fa76e
9.0,"# Alinea Dining Experience

The community centers around Alinea, a renowned restaurant, and the specific dining experience that lasted until 2:30 AM. The relationship highlights the duration of service at Alinea, which is a significant aspect of the dining experience.

## Alinea as a premier dining location

Alinea is recognized as a high-end restaurant, known for its innovative cuisine and exceptional service. The establishment's reputation contributes to the overall dining experience, making it a notable entity in the culinary community. The relationship with the dining experience indicates that Alinea's service duration is a key factor in customer satisfaction. [Data: Entities (409), Relationships (598)]

## Significance of the dining duration

The specific mention of the dining experience lasting until 2:30 AM suggests that Alinea offers extended service hours, which can enhance the overall experience for diners. This aspect may appeal to customers looking for a leisurely dining experience, allowing them to enjoy their meal without feeling rushed. The relationship emphasizes the importance of service duration in the context of fine dining. [Data: Entities (409), Relationships (598)]",0,3.0,Alinea Dining Experience,The impact severity rating is low due to the nature of the community being focused on a dining experience rather than broader societal implications.,"The community centers around Alinea, a renowned restaurant, and the specific dining experience that lasted until 2:30 AM. The relationship highlights the duration of service at Alinea, which is a significant aspect of the dining experience.","[{'explanation': ""Alinea is recognized as a high-end restaurant, known for its innovative cuisine and exceptional service. The establishment's reputation contributes to the overall dining experience, making it a notable entity in the culinary community. The relationship with the dining experience indicates that Alinea's service duration is a key factor in customer satisfaction. [Data: Entities (409), Relationships (598)]"", 'summary': 'Alinea as a premier dining location'}
 {'explanation': 'The specific mention of the dining experience lasting until 2:30 AM suggests that Alinea offers extended service hours, which can enhance the overall experience for diners. This aspect may appeal to customers looking for a leisurely dining experience, allowing them to enjoy their meal without feeling rushed. The relationship emphasizes the importance of service duration in the context of fine dining. [Data: Entities (409), Relationships (598)]', 'summary': 'Significance of the dining duration'}]","{
    ""title"": ""Alinea Dining Experience"",
    ""summary"": ""The community centers around Alinea, a renowned restaurant, and the specific dining experience that lasted until 2:30 AM. The relationship highlights the duration of service at Alinea, which is a significant aspect of the dining experience."",
    ""rating"": 3.0,
    ""rating_explanation"": ""The impact severity rating is low due to the nature of the community being focused on a dining experience rather than broader societal implications."",
    ""findings"": [
        {
            ""summary"": ""Alinea as a premier dining location"",
            ""explanation"": ""Alinea is recognized as a high-end restaurant, known for its innovative cuisine and exceptional service. The establishment's reputation contributes to the overall dining experience, making it a notable entity in the culinary community. The relationship with the dining experience indicates that Alinea's service duration is a key factor in customer satisfaction. [Data: Entities (409), Relationships (598)]""
        },
        {
            ""summary"": ""Significance of the dining duration"",
            ""explanation"": ""The specific mention of the dining experience lasting until 2:30 AM suggests that Alinea offers extended service hours, which can enhance the overall experience for diners. This aspect may appeal to customers looking for a leisurely dining experience, allowing them to enjoy their meal without feeling rushed. The relationship emphasizes the importance of service duration in the context of fine dining. [Data: Entities (409), Relationships (598)]""
        }
    ]
}",463fd712-4d92-4544-8333-e0a557a13d60
17.0,"# 12-Course Tasting Tour Pricing

The community centers around the pricing of a 12-course tasting tour, specifically set at 135. The relationship between the tour and its cost indicates a structured offering for guests, which is crucial for understanding the financial aspect of the experience.

## Cost of the 12-course tasting tour

The primary entity in this community is the cost of the 12-course tasting tour, which is set at 135. This price point is significant as it reflects the value proposition of the tour and can influence guest decisions. Understanding the pricing strategy is essential for assessing the tour's market competitiveness and potential profitability. [Data: Entities (1603), Relationships (3132)]

## Relationship between the tour and its cost

The relationship indicates that the cost of the 12-course tasting tour is directly linked to the experience offered. This connection is vital for potential guests who are evaluating whether the price aligns with their expectations of value and quality. The established price point can also affect the overall perception of the tour's exclusivity and appeal. [Data: Relationships (3132)]",0,3.0,12-Course Tasting Tour Pricing,The impact severity rating is low due to the limited scope of the community's focus on pricing without broader implications.,"The community centers around the pricing of a 12-course tasting tour, specifically set at 135. The relationship between the tour and its cost indicates a structured offering for guests, which is crucial for understanding the financial aspect of the experience.","[{'explanation': ""The primary entity in this community is the cost of the 12-course tasting tour, which is set at 135. This price point is significant as it reflects the value proposition of the tour and can influence guest decisions. Understanding the pricing strategy is essential for assessing the tour's market competitiveness and potential profitability. [Data: Entities (1603), Relationships (3132)]"", 'summary': 'Cost of the 12-course tasting tour'}
 {'explanation': ""The relationship indicates that the cost of the 12-course tasting tour is directly linked to the experience offered. This connection is vital for potential guests who are evaluating whether the price aligns with their expectations of value and quality. The established price point can also affect the overall perception of the tour's exclusivity and appeal. [Data: Relationships (3132)]"", 'summary': 'Relationship between the tour and its cost'}]","{
    ""title"": ""12-Course Tasting Tour Pricing"",
    ""summary"": ""The community centers around the pricing of a 12-course tasting tour, specifically set at 135. The relationship between the tour and its cost indicates a structured offering for guests, which is crucial for understanding the financial aspect of the experience."",
    ""rating"": 3.0,
    ""rating_explanation"": ""The impact severity rating is low due to the limited scope of the community's focus on pricing without broader implications."",
    ""findings"": [
        {
            ""summary"": ""Cost of the 12-course tasting tour"",
            ""explanation"": ""The primary entity in this community is the cost of the 12-course tasting tour, which is set at 135. This price point is significant as it reflects the value proposition of the tour and can influence guest decisions. Understanding the pricing strategy is essential for assessing the tour's market competitiveness and potential profitability. [Data: Entities (1603), Relationships (3132)]""
        },
        {
            ""summary"": ""Relationship between the tour and its cost"",
            ""explanation"": ""The relationship indicates that the cost of the 12-course tasting tour is directly linked to the experience offered. This connection is vital for potential guests who are evaluating whether the price aligns with their expectations of value and quality. The established price point can also affect the overall perception of the tour's exclusivity and appeal. [Data: Relationships (3132)]""
        }
    ]
}",e8cb3e61-2e8c-4e6a-a342-7afe168becd3
